<beans xmlns:xsi="http://www.w3.org/2001/XMLSchema-instance"
	xmlns="http://www.springframework.org/schema/beans" xmlns:aop="http://www.springframework.org/schema/aop"
	xmlns:context="http://www.springframework.org/schema/context" xmlns:tx="http://www.springframework.org/schema/tx"
	xmlns:cache="http://www.springframework.org/schema/cache" xmlns:p="http://www.springframework.org/schema/p"
	xsi:schemaLocation="http://www.springframework.org/schema/beans 
     http://www.springframework.org/schema/beans/spring-beans-4.0.xsd
     http://www.springframework.org/schema/aop
     http://www.springframework.org/schema/aop/spring-aop-4.0.xsd
     http://www.springframework.org/schema/context
     http://www.springframework.org/schema/context/spring-context-4.0.xsd
     http://www.springframework.org/schema/tx
     http://www.springframework.org/schema/tx/spring-tx-4.0.xsd
     http://www.springframework.org/schema/cache http://www.springframework.org/schema/cache/spring-cache-4.0.xsd">
	<!-- 只扫描service -->
	<context:component-scan base-package="com.mashen"></context:component-scan>
	
	<context:property-placeholder location="classpath:jdbc.properties" />
	<!--创建jdbc数据源 -->
	<bean id="dataSource" class="org.apache.commons.dbcp.BasicDataSource"
		destroy-method="close">
		<!-- value="${jdbc.driverClassName}里的value值要和jdbc里的值一样 -->
		<property name="driverClassName" value="${jdbc.driverClassName}" />
		<property name="url" value="${jdbc.url}" />
		<property name="username" value="${jdbc.username}" />
		<property name="password" value="${jdbc.password}" />
		<property name="maxActive" value="5" />
		<property name="maxIdle" value="2" />
		<property name="minIdle" value="1" />
	</bean>
	<!-- 会话工厂  -->
	<bean id="sessionFactory"
		class="org.springframework.orm.hibernate4.LocalSessionFactoryBean">
		<property name="dataSource" ref="dataSource" />
		<property name="configLocation" value="classpath:hibernate.cfg.xml" />
		<property name="packagesToScan" value="com.mashen.*.domain" />
	</bean>
	
	<bean id="hibernateTemplate" class="org.springframework.orm.hibernate4.HibernateTemplate">  
        <property name="sessionFactory" ref="sessionFactory" />  
    </bean>

	<!-- 配置事务管理器 指定其作用的sessionFactory把事务交给Spring去处理 -->
	<bean id="transactionManager"
		class="org.springframework.orm.hibernate4.HibernateTransactionManager">
		<property name="sessionFactory">
			<ref bean="sessionFactory" />
		</property>
	</bean>
	<!-- 使用annotation注解方式配置事务 -->
	<tx:annotation-driven transaction-manager="transactionManager" />

</beans>