<?xml version='1.0' encoding='utf-8'?>
<!DOCTYPE hibernate-configuration PUBLIC
        "-//Hibernate/Hibernate Configuration DTD 3.0//EN"
        "http://www.hibernate.org/dtd/hibernate-configuration-3.0.dtd">
<hibernate-configuration>
    <session-factory>
        <property name="dialect">org.hibernate.dialect.MySQL5Dialect</property>
        <property name="show_sql">true</property>
        <!--开启二级缓存  -->
        <property name="cache.region.factory_class">org.hibernate.cache.EhCacheRegionFactory</property>
        <property name="net.sf.ehcache.configurationResourceName">ehcache.xml</property>
		
        <!-- 
			create：先删除，再创建
			update：如果表不存在就创建，不一样就更新，一样就什么都不做。
			create-drop：初始化时创建表，SessionFactory执行close()时删除表。
			validate：验证表结构是否一致，如果不一致，就抛异常。
		 -->
        <property name="hbm2ddl.auto">update</property>
    	
    </session-factory>
</hibernate-configuration>