<!DOCTYPE struts PUBLIC
    "-//Apache Software Foundation//DTD Struts Configuration 2.3//EN"
    "http://struts.apache.org/dtds/struts-2.3.dtd">
    
<struts>
	<include file="struts-default.xml"></include>
	<!-- 指定被struts2处理的请求后缀类型。多个用逗号隔开 -->  
    <constant name="struts.action.extension" value="action"/>  
     <!-- 是否开启动态方法调用 -->  
	<constant name="struts.enable.DynamicMethodInvocation" value="false" /> 
	<!-- 是否使用struts的开发模式。开发模式会有更多的调试信息。默认值为false(生产环境下使用),开发阶段最好打开  -->  
    <constant name="struts.devMode" value="true"/>
    <constant name="struts.i18n.encoding" value="UTF-8" />
    <constant name="struts.convention.result.path" value="/WEB-INF/pages"/>
     <!-- 进行扫描的根包，该包会被扫描成action -->
    <constant name="struts.convention.package.locators" value="action"/>
     <!-- 设置浏览器是否缓存静态内容。默认值为true(生产环境下使用),开发阶段最好关闭  -->  
    <constant name="struts.serve.static.browserCache" value="false" />  
     <!-- 指定由spring负责action对象的创建 -->
    <constant name="struts.objectFactory" value="spring"/>
    <!-- 当struts.xml改动后，是否重新加载。默认值为false(生产环境下使用),开发阶段最好打开  -->  
    <constant name="struts.configuration.xml.reload" value="true"/>
	
	<constant name="struts.custom.i18n.resources" value="message" />
	
	
	
</struts>